Date,Close,High,Low,Open,Volume
2020/07/29,1953.5,1953.5,1952.599976,1953.199951,209835
2020/07/30,1942.300049,1965.099976,1930,1963.400024,28853
2020/07/31,1962.800049,1981.099976,1948,1948.599976,2914
2020/08/03,1966,1984.300049,1955.5,1984.300049,683
2020/08/04,2001.199951,2016.199951,1968.800049,1971,2010
2020/08/05,2031.099976,2050.199951,2011,2024,1422
2020/08/06,2051.5,2063,2040,2045.5,294
2020/08/07,2010.099976,2055,2009.599976,2040.099976,808
2020/08/10,2024.400024,2043.800049,2017.5,2026.400024,233
2020/08/11,1932.599976,2016,1904,2012.400024,971
2020/08/12,1934.900024,1946.599976,1871.599976,1923,404
2020/08/13,1956.699951,1957.400024,1916.900024,1921.5,71
2020/08/14,1937,1947.400024,1937,1938.699951,201
2020/08/17,1985,1985,1949.599976,1949.599976,97
2020/08/18,1999.400024,2002.800049,1972.099976,2001.099976,92
2020/08/19,1958.699951,1980,1938.699951,1980,347
2020/08/20,1933.800049,1948.300049,1922.300049,1941.199951,106
2020/08/21,1934.599976,1945,1908.900024,1941,184
2020/08/24,1927.699951,1940,1922.199951,1930.199951,85
2020/08/25,1911.800049,1928.5,1911.800049,1927.5,176
2020/08/26,1940.699951,1950.800049,1909.699951,1909.699951,287
2020/08/27,1921.599976,1972.5,1921.599976,1948.900024,2303
2020/08/28,1964.599976,1971.300049,1922.5,1927.099976,778
2020/08/31,1967.599976,1971.300049,1953.300049,1970,158
2020/09/01,1968.199951,1986.300049,1961.699951,1961.699951,186
2020/09/02,1934.400024,1967.300049,1934.400024,1967.300049,71
2020/09/03,1927.599976,1938.800049,1923,1937.099976,179
2020/09/04,1923.900024,1939.699951,1917.699951,1927.900024,607
2020/09/08,1933,1937.900024,1903.099976,1930.900024,271
2020/09/09,1944.699951,1946.199951,1924.599976,1926.900024,219
2020/09/10,1954.199951,1962.699951,1944.099976,1944.099976,722
2020/09/11,1937.800049,1949.5,1937.800049,1944,73
2020/09/14,1953.099976,1953.099976,1943,1946.300049,55
2020/09/15,1956.300049,1968.5,1955.800049,1955.800049,74
2020/09/16,1960.199951,1961.400024,1956.699951,1961.300049,124
2020/09/17,1940,1946,1933.699951,1939,67
2020/09/18,1952.099976,1952.099976,1949,1950.5,38
2020/09/21,1901.199951,1946.199951,1883.400024,1946.199951,52
2020/09/22,1898.599976,1913.099976,1898.599976,1913.099976,331
2020/09/23,1859.900024,1875.5,1859.900024,1875.5,5
2020/09/24,1868.300049,1868.300049,1851.5,1851.5,365
2020/09/25,1857.699951,1857.699951,1856.300049,1856.300049,4
2020/09/28,1872.800049,1872.800049,1872.800049,1872.800049,10455
2020/09/29,1894.300049,1895.400024,1872.400024,1876.5,3283
2020/09/30,1887.5,1899.699951,1879.800049,1893,600
2020/10/01,1908.400024,1909.599976,1882.5,1884.099976,730
2020/10/02,1900.199951,1913,1893.900024,1893.900024,530
2020/10/05,1912.5,1915.599976,1884.699951,1898.900024,1360
2020/10/06,1901.099976,1918,1874.400024,1906.599976,968
2020/10/07,1883.599976,1889.800049,1873.099976,1874.099976,50
2020/10/08,1888.599976,1893,1882.699951,1893,348
2020/10/09,1919.5,1929.099976,1905.099976,1909.300049,580
2020/10/12,1922.5,1926.5,1921.599976,1924,96
2020/10/13,1888.5,1922.199951,1887,1921.900024,191
2020/10/14,1901.300049,1910.800049,1882.5,1889.699951,33
2020/10/15,1903.199951,1906.300049,1889.599976,1897.300049,254
2020/10/16,1900.800049,1900.800049,1898.5,1898.5,53
2020/10/19,1906.400024,1907.800049,1899.5,1907.300049,43
2020/10/20,1910.400024,1910.400024,1896.099976,1901.300049,329
2020/10/21,1924.599976,1927.300049,1913.599976,1913.599976,1202
2020/10/22,1901.099976,1924.300049,1898.199951,1924.300049,899
2020/10/23,1902,1913.300049,1896.199951,1899.900024,287
2020/10/26,1902.699951,1907,1893.5,1895.5,242
2020/10/27,1908.800049,1908.800049,1904.400024,1904.599976,176
2020/10/28,1876.199951,1876.199951,1870.900024,1870.900024,277
2020/10/29,1865.599976,1879.800049,1858.800049,1876.099976,240
2020/10/30,1877.400024,1886.599976,1862.800049,1862.800049,725
2020/11/02,1890.400024,1894.699951,1872.900024,1872.900024,190
2020/11/03,1908.5,1908.5,1891.5,1891.5,712
2020/11/04,1894.599976,1907,1885.300049,1893.800049,782
2020/11/05,1945.300049,1948,1901.699951,1901.699951,135
2020/11/06,1950.300049,1958.800049,1940.800049,1940.800049,304
2020/11/09,1853.199951,1963.199951,1847.099976,1955.599976,745
2020/11/10,1875.400024,1885.300049,1871.199951,1879.300049,276
2020/11/11,1860.699951,1878.800049,1855.5,1878.800049,222
2020/11/12,1872.599976,1878.5,1866.599976,1869,220
2020/11/13,1885.699951,1890.099976,1876.800049,1877,240
2020/11/16,1887.300049,1887.300049,1871,1874.599976,6
2020/11/17,1884.5,1888.400024,1884.5,1888.400024,59
2020/11/18,1873.5,1873.5,1873.5,1873.5,152
2020/11/19,1861.099976,1865.800049,1856,1865.800049,59
2020/11/20,1872.599976,1872.599976,1871.199951,1871.199951,1900
2020/11/23,1837.800049,1837.800049,1829.199951,1834.800049,843
2020/11/24,1804.800049,1829.300049,1799.300049,1829.300049,1041
2020/11/25,1805.699951,1805.699951,1801.400024,1801.400024,205754
2020/11/27,1781.900024,1817,1770.699951,1806.099976,71804
2020/11/30,1775.699951,1787.199951,1762.300049,1785,3145
2020/12/01,1814.099976,1815.900024,1774.900024,1775,1859
2020/12/02,1825.699951,1830,1807.800049,1811.300049,771
2020/12/03,1836.800049,1842,1825.300049,1829.199951,1765
2020/12/04,1835.900024,1847.599976,1828.199951,1840.699951,1213
2020/12/07,1861.800049,1866.900024,1820.800049,1836.5,1427
2020/12/08,1870.800049,1875.800049,1861.800049,1863,121
2020/12/09,1834.599976,1867.099976,1827,1867.099976,215
2020/12/10,1833.599976,1849.099976,1828,1833.199951,177
2020/12/11,1839.800049,1846,1829.099976,1838.5,109
2020/12/14,1828.699951,1835.699951,1822.699951,1835.5,258
2020/12/15,1852.300049,1853.599976,1833.199951,1833.5,961
2020/12/16,1856.099976,1864.699951,1850.5,1856.5,1090
2020/12/17,1887.199951,1896.199951,1874.199951,1874.199951,414
2020/12/18,1885.699951,1889.5,1882.300049,1882.400024,276
2020/12/21,1879.199951,1908,1869.099976,1884.800049,136
2020/12/22,1866.599976,1882.199951,1861,1882.199951,233
2020/12/23,1874.699951,1878.800049,1864.5,1867,82
2020/12/24,1879.900024,1879.900024,1875.699951,1877.300049,46
2020/12/28,1877.199951,1895.800049,1873.699951,1895.5,75
2020/12/29,1879.699951,1881.300049,1879.699951,1881.300049,343
2020/12/30,1891,1895.800049,1877.300049,1879.900024,444
2020/12/31,1893.099976,1901.300049,1892.699951,1897,127
2021/01/04,1944.699951,1945.099976,1912.199951,1912.199951,154
2021/01/05,1952.699951,1952.699951,1941.300049,1941.699951,113
2021/01/06,1906.900024,1959.900024,1901.5,1952,331
2021/01/07,1912.300049,1926.699951,1912,1922.599976,122
2021/01/08,1834.099976,1908,1834.099976,1908,60
2021/01/11,1849.599976,1849.599976,1826.5,1826.5,20
2021/01/12,1842.900024,1859.699951,1839.400024,1849,176
2021/01/13,1853.599976,1858.599976,1853.599976,1858,189
2021/01/14,1850.300049,1850.699951,1836.699951,1836.699951,149
2021/01/15,1829.300049,1829.400024,1825,1829.400024,31
2021/01/19,1839.5,1842.900024,1802,1802,13
2021/01/20,1865.900024,1866.599976,1844.400024,1847.800049,16
2021/01/21,1865.300049,1868,1865.300049,1865.300049,6
2021/01/22,1855.699951,1855.699951,1852.699951,1854.900024,8
2021/01/25,1854.900024,1864.699951,1851.800049,1864.699951,26
2021/01/26,1850.699951,1855.800049,1850.699951,1855.800049,59
2021/01/27,1844.900024,1844.900024,1844.900024,1844.900024,195540
2021/01/28,1837.900024,1862.900024,1831.5,1843.400024,27283
2021/01/29,1847.300049,1876,1838.699951,1842,1634
2021/02/01,1860.800049,1871.900024,1850,1866.599976,1494
2021/02/02,1830.5,1861.300049,1827.599976,1859.599976,1293
2021/02/03,1832.199951,1842.400024,1829.800049,1834.800049,1195
2021/02/04,1788.900024,1832.199951,1782.800049,1832.199951,2375
2021/02/05,1810.900024,1813.5,1790.900024,1794.300049,1278
2021/02/08,1831.900024,1836.699951,1809,1816.300049,254
2021/02/09,1835.300049,1843.300049,1830.699951,1841.900024,184
2021/02/10,1840.599976,1851.099976,1837,1842.599976,543
2021/02/11,1824.900024,1845,1820.900024,1840.5,602
2021/02/12,1821.599976,1827.5,1809.199951,1825,259
2021/02/16,1797.199951,1823.400024,1787.300049,1820.900024,1141
2021/02/17,1771.099976,1789.699951,1768.800049,1785.800049,614
2021/02/18,1773.400024,1784.599976,1766,1776.099976,587
2021/02/19,1775.800049,1787.599976,1764.300049,1764.300049,118
2021/02/22,1806.699951,1807.800049,1784,1784,165
2021/02/23,1804.400024,1811.300049,1796.400024,1809.599976,569
2021/02/24,1796.400024,1805.800049,1796.400024,1805.800049,1500
2021/02/25,1774.400024,1802,1766.699951,1801.5,1049
2021/02/26,1728.099976,1768.199951,1718.800049,1768.099976,1593
2021/03/01,1722.5,1747,1720.300049,1737.099976,407
2021/03/02,1733.099976,1733.099976,1708.699951,1709.400024,867
2021/03/03,1715.300049,1732.400024,1703.5,1730,501
2021/03/04,1700.199951,1717.400024,1700.199951,1706.5,521
2021/03/05,1698,1701,1685,1690.599976,302
2021/03/08,1677.699951,1705.400024,1673.699951,1704.699951,1290
2021/03/09,1716.599976,1717.5,1685.199951,1686.199951,335
2021/03/10,1721.5,1722.900024,1711,1713.599976,412
2021/03/11,1722.300049,1737.5,1720.199951,1725.599976,18
2021/03/12,1719.5,1722.5,1699,1715.900024,80
2021/03/15,1728.900024,1731.900024,1722.800049,1729.5,147
2021/03/16,1730.599976,1733.900024,1726,1732.300049,729
2021/03/17,1726.800049,1750.099976,1725.599976,1735.300049,488
2021/03/18,1732.199951,1750.300049,1721.800049,1745.800049,138
2021/03/19,1741.400024,1742.199951,1733.599976,1742.199951,13
2021/03/22,1737.800049,1737.800049,1737.800049,1737.800049,51
2021/03/23,1724.699951,1724.699951,1724.699951,1724.699951,6
2021/03/24,1732.900024,1732.900024,1727.5,1727.5,26
2021/03/25,1724.900024,1733.199951,1724.5,1732.699951,15
2021/03/26,1732.199951,1732.199951,1721.300049,1721.300049,33
2021/03/29,1712.099976,1712.099976,1712.099976,1712.099976,135457
2021/03/30,1683.900024,1712.599976,1676.5,1711,25316
2021/03/31,1713.800049,1713.800049,1676.5,1683.699951,762
2021/04/01,1726.5,1728.800049,1706.400024,1706.800049,720
2021/04/05,1727,1729.699951,1721.900024,1727.900024,275
2021/04/06,1741.5,1744.800049,1726.900024,1726.900024,890
2021/04/07,1740.099976,1742.699951,1733.699951,1742.699951,557
2021/04/08,1756.800049,1758,1734.599976,1736,1298
2021/04/09,1743.300049,1750.800049,1733.300049,1750.800049,484
2021/04/12,1731.199951,1740.800049,1726.699951,1740.800049,40
2021/04/13,1746.199951,1746.900024,1722.099976,1733.800049,367
2021/04/14,1734.900024,1745.900024,1732.699951,1741.300049,1037
2021/04/15,1765.400024,1767.900024,1740.099976,1740.099976,368
2021/04/16,1779,1779.5,1770.099976,1770.400024,625
2021/04/19,1769.400024,1788.5,1769.400024,1782.099976,144
2021/04/20,1777.300049,1777.300049,1765.5,1769.300049,1464
2021/04/21,1792.300049,1794.099976,1777.699951,1783,250
2021/04/22,1781.199951,1794.199951,1779.5,1794.199951,159
2021/04/23,1777,1794.5,1772,1786.099976,332
2021/04/26,1779.199951,1779.699951,1770.800049,1778,549
2021/04/27,1778,1782,1777.699951,1780,117
2021/04/28,1773.199951,1774,1764.599976,1768.199951,756
2021/04/29,1768.099976,1789,1758.599976,1781,196
2021/04/30,1767.300049,1771.800049,1763.900024,1771.800049,18
2021/05/03,1791.400024,1793,1788.5,1788.5,18
2021/05/04,1775.800049,1788.5,1774.800049,1788.199951,182
2021/05/05,1784.099976,1784.099976,1779.199951,1781.5,57
2021/05/06,1815.5,1815.5,1787.599976,1788.900024,13
2021/05/07,1831.099976,1842.900024,1831.099976,1842.900024,2
2021/05/10,1837.5,1845.599976,1835.400024,1835.599976,13
2021/05/11,1835.900024,1838.099976,1831.599976,1837.199951,420
2021/05/12,1822.599976,1825.199951,1821.699951,1825.199951,3
2021/05/13,1823.800049,1826.800049,1814.099976,1814.699951,100
2021/05/14,1837.900024,1842.900024,1824.5,1824.5,41
2021/05/17,1867.5,1867.5,1847.199951,1849.900024,13
2021/05/18,1867.800049,1870.5,1867.800049,1870.5,3
2021/05/19,1881.300049,1884.900024,1863.599976,1866.400024,348
2021/05/20,1881.800049,1885,1864.800049,1865.5,85
2021/05/21,1876.699951,1876.699951,1872.099976,1872.099976,5
2021/05/24,1884.599976,1884.599976,1882.099976,1882.099976,39
2021/05/25,1898.099976,1898.099976,1882.5,1882.5,56
2021/05/26,1901.300049,1901.300049,1901.300049,1901.300049,170526
2021/05/27,1895.699951,1903.900024,1888.199951,1896.800049,35794
2021/05/28,1902.5,1905.400024,1881.900024,1897.5,2415
2021/06/01,1902.900024,1916.199951,1892.800049,1905.099976,640
2021/06/02,1907.5,1908.800049,1896,1899.199951,1267
2021/06/03,1871.199951,1908.800049,1865,1908.800049,1021
2021/06/04,1889.800049,1895.5,1854,1869.300049,367
2021/06/07,1896.800049,1899.699951,1883.199951,1890.5,87
2021/06/08,1892.199951,1902.900024,1890,1896.5,930
2021/06/09,1893.199951,1897.699951,1889.199951,1894.900024,148
2021/06/10,1894.199951,1899.800049,1871.5,1887.699951,186
2021/06/11,1877.400024,1902.300049,1875.199951,1900.900024,349
2021/06/14,1864,1866.599976,1846.5,1866.199951,41
2021/06/15,1854.5,1867.199951,1854.400024,1866.400024,78
2021/06/16,1859.5,1860.099976,1809.199951,1859.400024,117
2021/06/17,1773.800049,1823.300049,1769.599976,1811.800049,1135
2021/06/18,1767.900024,1792.400024,1767.900024,1775.699951,354
2021/06/21,1781.800049,1785.199951,1766.800049,1768.800049,38
2021/06/22,1776.300049,1786.900024,1775.900024,1783.400024,101
2021/06/23,1782.300049,1793.199951,1780.599976,1780.699951,136
2021/06/24,1775.599976,1786.400024,1775.599976,1778.900024,78
2021/06/25,1776.599976,1788,1775.199951,1777.699951,35
2021/06/28,1779.599976,1779.599976,1779.599976,1779.599976,888
2021/06/29,1762.800049,1777.099976,1752.099976,1776.800049,419
2021/06/30,1770.800049,1770.800049,1759.199951,1761.099976,51
2021/07/01,1775.900024,1781.199951,1768.800049,1775.699951,44
2021/07/02,1782.599976,1787.900024,1778.300049,1778.699951,23
2021/07/06,1793.5,1809.800049,1786.699951,1786.699951,332
2021/07/07,1801.5,1808.400024,1797.199951,1798.699951,244
2021/07/08,1799.599976,1818.5,1797,1797,148
2021/07/09,1810,1810.099976,1798.800049,1803.599976,218
2021/07/12,1805.5,1805.5,1799.5,1802.599976,147
2021/07/13,1809.400024,1812,1800.599976,1808.099976,78
2021/07/14,1824.300049,1829,1813.099976,1813.099976,707
2021/07/15,1828.400024,1833,1823.400024,1831.599976,99
2021/07/16,1814.5,1831.400024,1814.5,1830.099976,78
2021/07/19,1808.699951,1813.400024,1803.300049,1803.300049,33
2021/07/20,1810.900024,1824,1810.900024,1812.900024,128
2021/07/21,1802.900024,1807,1800,1807,135
2021/07/22,1805,1805,1793.599976,1793.599976,2
2021/07/23,1801.400024,1801.400024,1800,1800,1
2021/07/26,1798.699951,1802.5,1797.199951,1802.5,17
2021/07/27,1799.5,1803.699951,1799.5,1803.699951,1
2021/07/28,1799.5,1799.5,1799.5,1799.5,209783
2021/07/29,1831.199951,1832.599976,1806.099976,1806.599976,30496
2021/07/30,1812.599976,1830.5,1808.900024,1828,3100
2021/08/02,1818.099976,1818.699951,1804.800049,1812.400024,1334
2021/08/03,1810.099976,1813.5,1806,1812.300049,3341
2021/08/04,1810.5,1831.300049,1806.300049,1809.300049,2860
2021/08/05,1805.099976,1813.699951,1796,1810.800049,588
2021/08/06,1760,1800.099976,1758.400024,1799.800049,859
2021/08/09,1723.400024,1753.800049,1692.599976,1753.5,1621
2021/08/10,1728.800049,1735.199951,1720.099976,1728.599976,1363
2021/08/11,1750.400024,1752.199951,1727.300049,1727.300049,542
2021/08/12,1749,1752.400024,1745.5,1749.699951,739
2021/08/13,1775.199951,1777.300049,1757.400024,1758.300049,436
2021/08/16,1786.900024,1787.800049,1771.900024,1776.900024,219
2021/08/17,1785,1794.199951,1780,1787.699951,200
2021/08/18,1781.599976,1791.5,1779,1787.800049,263
2021/08/19,1780.199951,1789.300049,1775.5,1780,245
2021/08/20,1781,1787.5,1778.199951,1784.099976,235
2021/08/23,1803.199951,1804.800049,1776.800049,1776.800049,32
2021/08/24,1805.599976,1805.599976,1801,1801,22
2021/08/25,1788.199951,1792.900024,1784,1792,812
2021/08/26,1792.199951,1792.199951,1781,1787.400024,61
2021/08/27,1816.599976,1816.599976,1803.099976,1803.400024,1219
2021/08/30,1809,1820.300049,1807.800049,1818.199951,684
2021/08/31,1815,1815.900024,1801.099976,1815.900024,82
2021/09/01,1813.099976,1815.900024,1809.5,1813.5,114
2021/09/02,1808.699951,1813.900024,1806.800049,1813.199951,26
2021/09/03,1830.900024,1833.900024,1818.900024,1820.900024,53
2021/09/07,1795.900024,1825.699951,1792.699951,1825.699951,48
2021/09/08,1790.699951,1790.699951,1781.699951,1781.699951,69
2021/09/09,1797.400024,1798.699951,1787.900024,1798.699951,49
2021/09/10,1789.599976,1789.599976,1789.599976,1789.599976,0
2021/09/13,1792,1796,1784,1789.800049,533
2021/09/14,1804.699951,1806.199951,1783,1791.400024,764
2021/09/15,1792.400024,1803.699951,1792.400024,1803.699951,59
2021/09/16,1754.599976,1792.900024,1743.900024,1792.900024,1645
2021/09/17,1749.400024,1763,1749.400024,1758.800049,581
2021/09/20,1761.800049,1761.800049,1750.900024,1751.800049,185
2021/09/21,1776,1776,1759,1762.199951,106
2021/09/22,1776.699951,1784.300049,1767,1776.699951,17
2021/09/23,1747.699951,1766.800049,1738.199951,1766.800049,31
2021/09/24,1749.699951,1749.699951,1745,1749.699951,76
2021/09/27,1750,1754.400024,1747.5,1751.699951,808
2021/09/28,1735.800049,1741.699951,1726.800049,1739.599976,15748
2021/09/29,1721.5,1744.099976,1721.400024,1732.400024,6634
2021/09/30,1755.300049,1760.300049,1724.5,1725.5,997
2021/10/01,1757,1762.599976,1748.5,1754.300049,2220
2021/10/04,1766.199951,1768.900024,1749.5,1764.5,417
2021/10/05,1759.599976,1764.300049,1749,1764.300049,98
2021/10/06,1760.5,1762.900024,1744.699951,1759.300049,56
2021/10/07,1757.900024,1762.400024,1752.800049,1762.400024,336
2021/10/08,1756.300049,1780,1754.199951,1757,254
2021/10/11,1754.599976,1757.800049,1752.199951,1756.599976,128
2021/10/12,1758.300049,1768,1749.800049,1751.900024,139
2021/10/13,1793.699951,1794.5,1760.800049,1760.800049,150
2021/10/14,1796.699951,1799.900024,1792,1792.199951,337
2021/10/15,1767.199951,1795.400024,1766.599976,1794.5,874
2021/10/18,1764.800049,1770.099976,1759.5,1761.599976,266
2021/10/19,1769.699951,1785,1767.5,1777.599976,51
2021/10/20,1784.099976,1785.599976,1774,1774.599976,127
2021/10/21,1781.199951,1785.699951,1781,1782,146
2021/10/22,1795.5,1806.900024,1784,1787.099976,532
2021/10/25,1806,1809,1794,1794.300049,140
2021/10/26,1792.699951,1808.800049,1788.599976,1808.800049,359
2021/10/27,1797.900024,1798.099976,1791.5,1791.5,543
2021/10/28,1801.599976,1807.300049,1795.5,1795.5,452
2021/10/29,1783,1797,1774.599976,1793.099976,583
2021/11/01,1795.099976,1795.099976,1786.699951,1787.5,142
2021/11/02,1788.699951,1795.5,1787.699951,1790.5,213
2021/11/03,1763.599976,1768,1761.800049,1768,108
2021/11/04,1793,1798.199951,1776.199951,1776.599976,103
2021/11/05,1816.400024,1817.099976,1794.900024,1794.900024,239
2021/11/08,1827.400024,1827.400024,1816.900024,1817,261
2021/11/09,1830.199951,1832.699951,1820.699951,1826.099976,170
2021/11/10,1847.599976,1865,1824.900024,1825.800049,795
2021/11/11,1863.199951,1866.5,1853.900024,1853.900024,292
2021/11/12,1867.900024,1867.900024,1847.599976,1860.800049,210
2021/11/15,1866.099976,1866.900024,1864.5,1864.5,87
2021/11/16,1853.599976,1853.599976,1853.599976,1853.599976,1
2021/11/17,1869.699951,1869.699951,1862.599976,1862.599976,2
2021/11/18,1861,1861,1861,1861,9
2021/11/19,1851.199951,1851.199951,1851.199951,1851.199951,21
2021/11/22,1806,1841.599976,1805.699951,1841.599976,14
2021/11/23,1783.5,1795.5,1783.5,1795.5,264
2021/11/24,1784.099976,1793,1781.400024,1793,188
2021/11/26,1785.300049,1791.400024,1785.300049,1791.099976,186800
2021/11/29,1782.300049,1798.900024,1779.099976,1791.699951,26926
2021/11/30,1773.599976,1808.099976,1768.699951,1783.900024,4903
2021/12/01,1781.599976,1790.5,1772.300049,1774.800049,1128
2021/12/02,1760.699951,1780.900024,1760.599976,1780.900024,1557
2021/12/03,1782,1785.099976,1766.5,1767.5,694
2021/12/06,1777.5,1783,1777.199951,1780.199951,381
2021/12/07,1782.599976,1786.099976,1772.300049,1779.5,308
2021/12/08,1783.400024,1789.900024,1779,1789.900024,1383
2021/12/09,1774.599976,1783.5,1771.800049,1783.5,455
2021/12/10,1782.900024,1785.400024,1769.099976,1773.800049,545
2021/12/13,1786.300049,1787.099976,1783.800049,1784.400024,206
2021/12/14,1770.400024,1787,1769,1787,322
2021/12/15,1762.599976,1778.699951,1753.900024,1767.400024,283
2021/12/16,1796.599976,1798.099976,1781,1781,21
2021/12/17,1803.800049,1812.900024,1803.800049,1804,654
2021/12/20,1793.699951,1799.800049,1792,1796.800049,226
2021/12/21,1787.900024,1796.5,1787.900024,1791.400024,575
2021/12/22,1801.599976,1805.199951,1785.5,1786,567
2021/12/23,1811.199951,1811.199951,1800.800049,1806,193
2021/12/27,1808.099976,1812.099976,1807,1810,150
2021/12/28,1810.199951,1818,1805.5,1812,146
2021/12/29,1805.099976,1805.099976,1791.400024,1803.199951,623
2021/12/30,1812.699951,1816,1796,1801.699951,306
2021/12/31,1827.5,1827.800049,1821.400024,1825.099976,80
2022/01/03,1799.400024,1830.099976,1798.800049,1830.099976,116
2022/01/04,1814,1815.300049,1800,1800.5,38
2022/01/05,1824.599976,1824.599976,1813.099976,1813.099976,8
2022/01/06,1788.699951,1791.300049,1787.099976,1787.099976,30
2022/01/07,1797,1797,1784.400024,1791.800049,17
2022/01/10,1798.400024,1798.699951,1790.400024,1794.900024,534
2022/01/11,1818.599976,1822.5,1803,1803.900024,743
2022/01/12,1827.199951,1827.199951,1816.900024,1819,1547
2022/01/13,1821.199951,1823,1815.400024,1819.800049,40
2022/01/14,1816.5,1822,1816.5,1821.5,816
2022/01/18,1812.300049,1820.099976,1812.300049,1816.800049,900
2022/01/19,1843.099976,1843.099976,1817.400024,1817.400024,4
2022/01/20,1842.5,1843,1838.199951,1840.599976,20
2022/01/21,1831.800049,1842.400024,1828.900024,1838,19
2022/01/24,1841.699951,1842.099976,1837.900024,1837.900024,8
2022/01/25,1852.699951,1852.699951,1842,1843,11
2022/01/26,1829.900024,1829.900024,1829.900024,1829.900024,55
2022/01/27,1793.300049,1793.300049,1793.300049,1793.300049,196036
2022/01/28,1784.900024,1798.400024,1778.800049,1797.5,28521
2022/01/31,1795,1798.5,1785.099976,1788.5,1735
2022/02/01,1800.300049,1806.099976,1797.099976,1797.199951,223
2022/02/02,1809.199951,1810.099976,1795.099976,1797.800049,1690
2022/02/03,1803,1808.099976,1787.900024,1805.800049,466
2022/02/04,1806.599976,1813.699951,1792.5,1806,571
2022/02/07,1820.599976,1821.300049,1809.099976,1812.199951,601
2022/02/08,1826.599976,1827.599976,1815,1818.900024,108
2022/02/09,1835.199951,1835.199951,1825.300049,1825.400024,683
2022/02/10,1836.199951,1842.099976,1820.800049,1833.300049,365
2022/02/11,1840.800049,1864.800049,1822,1822,181
2022/02/14,1868,1870.599976,1854.599976,1861.800049,79
2022/02/15,1854.800049,1879.699951,1847.400024,1872.599976,86
2022/02/16,1870.199951,1870.199951,1856.300049,1858.699951,34
2022/02/17,1900.699951,1900.699951,1876.199951,1876.300049,393
2022/02/18,1898.599976,1899.400024,1890.699951,1899.400024,51
2022/02/22,1906.099976,1912,1890.800049,1908.099976,173
2022/02/23,1909.199951,1910.599976,1895.699951,1896.599976,73
2022/02/24,1925.099976,1972.5,1911.699951,1911.900024,2706
2022/02/25,1886.5,1920,1883.599976,1906.900024,586
2022/02/28,1899.400024,1928.400024,1894.199951,1928.300049,390
2022/03/01,1942.400024,1942.400024,1903.800049,1908.300049,547
2022/03/02,1920.900024,1948.199951,1919.800049,1945.599976,109
2022/03/03,1934.400024,1940.300049,1924.800049,1930.5,122
2022/03/04,1965.099976,1970.900024,1935.599976,1937,47
2022/03/07,1993.900024,2001.099976,1963,1989,2516
2022/03/08,2040.099976,2072,1998,1999.400024,1813
2022/03/09,1985.900024,2063,1980.800049,2053.600098,1022
2022/03/10,1998.099976,2010.5,1978.099976,1978.099976,670
2022/03/11,1982.699951,1996,1959.900024,1985,865
2022/03/14,1959.599976,1977.699951,1959.599976,1976.5,145
2022/03/15,1928.5,1939.900024,1910.699951,1939.800049,71
2022/03/16,1908,1922.400024,1907.199951,1922.400024,104
2022/03/17,1942.099976,1947.199951,1933.900024,1933.900024,39
2022/03/18,1928.199951,1939.300049,1928.199951,1934.5,28
2022/03/21,1928.599976,1928.599976,1925,1925.400024,5
2022/03/22,1920.699951,1920.699951,1920.699951,1920.699951,26
2022/03/23,1936.599976,1936.599976,1936.599976,1936.599976,204
2022/03/24,1961.599976,1964,1961.599976,1963.599976,8
2022/03/25,1953.800049,1953.800049,1953.800049,1953.800049,83
2022/03/28,1939.599976,1939.599976,1932.599976,1932.599976,7
2022/03/29,1912,1912,1893.5,1893.5,128051
2022/03/30,1933.5,1937,1914.5,1918.400024,17765
2022/03/31,1949.199951,1949.900024,1919.099976,1933.5,3617
2022/04/01,1919.099976,1938,1917,1935,1016
2022/04/04,1929.199951,1936.099976,1915.599976,1921.199951,371
2022/04/05,1922.900024,1943.5,1918.400024,1927.099976,412
2022/04/06,1918.400024,1931.800049,1916.699951,1916.699951,138
2022/04/07,1933.800049,1934.800049,1919.5,1919.5,311
2022/04/08,1941.599976,1947.699951,1928.800049,1928.800049,153
2022/04/11,1944.300049,1968.400024,1941.800049,1946.599976,163
2022/04/12,1972.099976,1977.099976,1950.599976,1952.5,246
2022/04/13,1981,1981,1969.5,1969.5,204
2022/04/14,1970.900024,1978.699951,1963,1977.199951,101
2022/04/18,1982.900024,1997.099976,1972.800049,1973.400024,196
2022/04/19,1955.699951,1978.300049,1945.699951,1973.800049,130
2022/04/20,1952.300049,1953.599976,1945.5,1945.5,621
2022/04/21,1944.900024,1944.900024,1942.5,1942.5,4
2022/04/22,1931,1950.400024,1930.199951,1949.599976,178
2022/04/25,1893.199951,1925,1889.300049,1925,748
2022/04/26,1901.400024,1909.099976,1894,1900.5,302
2022/04/27,1885.900024,1900.599976,1882.199951,1897.800049,1786
2022/04/28,1888.699951,1893,1872.900024,1883.800049,513
2022/04/29,1909.300049,1918.199951,1902.400024,1902.699951,132
2022/05/02,1861.800049,1896.800049,1853,1896.699951,385
2022/05/03,1868.800049,1868.800049,1868.800049,1868.800049,466
2022/05/04,1867,1867,1867,1867,1
2022/05/05,1874,1904.300049,1874,1897,80
2022/05/06,1881.199951,1890.300049,1871.5,1874.699951,214
2022/05/09,1857.099976,1867.5,1854,1866.599976,304
2022/05/10,1839.900024,1839.900024,1839.900024,1839.900024,1540
2022/05/11,1852.599976,1852.599976,1841,1841.5,892
2022/05/12,1823.800049,1851.900024,1822.199951,1849.800049,153
2022/05/13,1807.400024,1825,1807.400024,1825,335
2022/05/16,1813.5,1813.5,1787,1790.5,34
2022/05/17,1818.199951,1828.599976,1816.699951,1824.900024,121
2022/05/18,1815.900024,1819.699951,1805,1815,311
2022/05/19,1841.199951,1841.199951,1810.699951,1810.900024,138
2022/05/20,1841.800049,1841.800049,1836.300049,1839.099976,110
2022/05/23,1847.800049,1863,1845.800049,1846.300049,216
2022/05/24,1865.099976,1867,1852.5,1852.5,33
2022/05/25,1846.199951,1846.199951,1846.199951,1846.199951,0
2022/05/26,1847.400024,1847.400024,1840.400024,1840.400024,123355
2022/05/27,1851.300049,1860.699951,1845.900024,1848.300049,30091
2022/05/31,1842.699951,1862.099976,1832.800049,1850.300049,4073
2022/06/01,1843.300049,1847.900024,1825.300049,1831,1623
2022/06/02,1866.5,1868.699951,1842.099976,1845.400024,551
2022/06/03,1845.400024,1871.800049,1845.400024,1867.599976,53
2022/06/06,1839.199951,1854.099976,1839.199951,1849,142
2022/06/07,1847.5,1851.599976,1835,1836.900024,1168
2022/06/08,1851.900024,1855,1844.400024,1844.800049,218
2022/06/09,1848.800049,1850.099976,1837.900024,1846.099976,159
2022/06/10,1871.5,1875.599976,1823.900024,1842.699951,1490
2022/06/13,1828,1873.800049,1818.699951,1873.800049,127
2022/06/14,1809.5,1825.5,1805.300049,1825,536
2022/06/15,1815.300049,1839,1810.800049,1814.099976,108
2022/06/16,1845.699951,1850.599976,1814.900024,1819.199951,136
2022/06/17,1835.599976,1853.699951,1833.599976,1853.699951,170
2022/06/21,1834.599976,1838.599976,1830.099976,1835.300049,216
2022/06/22,1834.300049,1842.699951,1821.599976,1829.5,115
2022/06/23,1825.699951,1841.199951,1825.699951,1835.5,9
2022/06/24,1826.5,1826.5,1815.800049,1820.5,61
2022/06/27,1820.900024,1830.699951,1819.900024,1830.5,77
2022/06/28,1817.5,1826,1817.5,1824.199951,391
2022/06/29,1813.699951,1830.300049,1812.800049,1818.300049,173
2022/06/30,1804.099976,1817.300049,1801,1809.599976,328
2022/07/01,1798.900024,1806.099976,1791.599976,1795.5,77
2022/07/05,1761.800049,1805.400024,1761.800049,1805.400024,64
2022/07/06,1734.900024,1768,1734,1762.5,1729
2022/07/07,1737.900024,1745.199951,1737,1745.199951,1869
2022/07/08,1740.599976,1749.300049,1732.099976,1738.099976,370
2022/07/11,1730,1736.699951,1730,1732.5,75
2022/07/12,1723.300049,1735.5,1723.300049,1734.199951,451
2022/07/13,1734.199951,1734.199951,1710,1710,368
2022/07/14,1704.5,1710.5,1704.5,1710.300049,1289
2022/07/15,1702.400024,1709.699951,1701.099976,1705.400024,721
2022/07/18,1709.199951,1712.400024,1709.199951,1712.199951,264
2022/07/19,1710,1714.400024,1706.099976,1712.300049,1684
2022/07/20,1699.5,1708.5,1699.5,1707.099976,130
2022/07/21,1712.699951,1715.5,1679.800049,1687,183
2022/07/22,1727.099976,1735,1713,1713.300049,61
2022/07/25,1719,1732,1719,1727,67
2022/07/26,1717.699951,1718,1717.699951,1718,1
2022/07/27,1719.099976,1719.099976,1719.099976,1719.099976,144865
2022/07/28,1750.300049,1755,1732,1732.300049,37236
2022/07/29,1762.900024,1765.699951,1750,1754,3485
2022/08/01,1769,1772.5,1756.099976,1763.900024,705
2022/08/02,1771.099976,1786.599976,1759.400024,1772.099976,1078
2022/08/03,1758,1770.5,1753,1756.699951,399
2022/08/04,1788.5,1792.099976,1767.699951,1769.400024,285
2022/08/05,1772.900024,1791.400024,1764.199951,1791.199951,645
2022/08/08,1786.800049,1786.800049,1771.800049,1771.800049,127
2022/08/09,1794,1796.099976,1789,1790,249
2022/08/10,1795.599976,1804.900024,1787.800049,1804.400024,601
2022/08/11,1789.699951,1794.300049,1785.699951,1794.300049,1235
2022/08/12,1798.599976,1800.400024,1784.300049,1786.300049,187
2022/08/15,1781.400024,1799,1774.699951,1799,64
2022/08/16,1773.199951,1777.400024,1771.400024,1777.400024,308
2022/08/17,1760.300049,1769.699951,1760,1769.699951,23
2022/08/18,1755.300049,1762.900024,1753.400024,1762.900024,321
2022/08/19,1747.599976,1754.300049,1747.5,1753.699951,49
2022/08/22,1734,1740.5,1726.5,1740.5,347
2022/08/23,1746.800049,1748.900024,1731.900024,1738,509
2022/08/24,1747.800049,1751.800049,1743.599976,1745,187
2022/08/25,1757.699951,1761.800049,1755,1761.599976,172
2022/08/26,1736.099976,1755,1736.099976,1754,202
2022/08/29,1736.599976,1741.199951,1732.099976,1732.400024,950
2022/08/30,1723.199951,1739,1720.699951,1736.400024,385
2022/08/31,1712.800049,1720.900024,1708.5,1718.300049,2133
2022/09/01,1696.599976,1707.900024,1693.900024,1707.900024,683
2022/09/02,1709.800049,1715.699951,1703.099976,1703.400024,182
2022/09/06,1700.400024,1717.400024,1699.699951,1709.699951,697
2022/09/07,1715.300049,1715.300049,1694.699951,1694.800049,651
2022/09/08,1708,1718.199951,1705.300049,1718.199951,1193
2022/09/09,1716.199951,1720,1712.800049,1719.199951,635
2022/09/12,1728.099976,1728.099976,1727.400024,1727.400024,68
2022/09/13,1705,1720.5,1697.300049,1720.5,432
2022/09/14,1696.5,1701.800049,1696.5,1698.699951,532
2022/09/15,1665.400024,1686,1662.300049,1685.5,1125
2022/09/16,1671.699951,1674.900024,1651.699951,1660.400024,464
2022/09/19,1666.199951,1669.400024,1658.5,1661.800049,580
2022/09/20,1659.699951,1659.699951,1659.699951,1659.699951,2830
2022/09/21,1664.599976,1680.099976,1664.599976,1665.5,2337
2022/09/22,1670.800049,1670.800049,1668.300049,1668.300049,973
2022/09/23,1645.300049,1667,1645.300049,1667,1224
2022/09/26,1623.300049,1623.300049,1623.300049,1623.300049,1205
2022/09/27,1626.699951,1636.599976,1626.699951,1632.199951,888
2022/09/28,1660.400024,1660.400024,1620.400024,1620.400024,18311
2022/09/29,1658.5,1662.599976,1640,1657,6028
2022/09/30,1662.400024,1672.699951,1658,1661.699951,548
2022/10/03,1692.900024,1700,1661.900024,1667.199951,410
2022/10/04,1721.099976,1728,1696,1701.199951,291
2022/10/05,1711.400024,1726.599976,1703,1724.099976,418
2022/10/06,1711.699951,1723.300049,1709.099976,1721,133
2022/10/07,1700.5,1710.099976,1693.699951,1710.099976,179
2022/10/10,1667.300049,1693.400024,1667,1693.400024,195
2022/10/11,1678.699951,1678.699951,1661,1661.800049,167
2022/10/12,1670.300049,1672.699951,1668,1668,149
2022/10/13,1670,1675.300049,1641.5,1675.199951,729
2022/10/14,1641.699951,1667,1640,1665.300049,82
2022/10/17,1657,1657,1646.800049,1650.199951,238
2022/10/18,1649,1655.199951,1649,1651.400024,597
2022/10/19,1627.5,1637.5,1627.5,1637.5,84
2022/10/20,1630.800049,1641.400024,1622.800049,1622.800049,477
2022/10/21,1651,1653.900024,1634.099976,1634.099976,224
2022/10/24,1648.699951,1662.699951,1648.699951,1662.699951,29
2022/10/25,1652.800049,1652.800049,1637.300049,1648.199951,880
2022/10/26,1664,1667,1649.800049,1649.800049,89
2022/10/27,1660.699951,1660.699951,1660.699951,1660.699951,2298
2022/10/28,1639.599976,1661,1638.699951,1661,626
2022/10/31,1635.900024,1641.800049,1633.400024,1641.800049,522
2022/11/01,1645,1653.699951,1630.800049,1630.800049,985
2022/11/02,1645.699951,1664.699951,1634,1650.800049,612
2022/11/03,1627.300049,1629.199951,1615.099976,1629.199951,1427
2022/11/04,1672.5,1674.5,1629,1630.199951,159
2022/11/07,1676.5,1677.900024,1672.900024,1676.900024,42
2022/11/08,1712.099976,1712.099976,1703.199951,1703.199951,23
2022/11/09,1710.099976,1720.199951,1706,1707.400024,497
2022/11/10,1750.300049,1750.300049,1708.199951,1708.199951,325
2022/11/11,1766,1766,1757.599976,1763.800049,257
2022/11/14,1773.599976,1773.599976,1761.599976,1762,358
2022/11/15,1773.800049,1773.800049,1769.900024,1770.800049,57
2022/11/16,1773,1778.900024,1773,1776.599976,303
2022/11/17,1760.800049,1763,1756,1763,18
2022/11/18,1751.900024,1763.300049,1747.599976,1763.300049,414
2022/11/21,1737.400024,1744.900024,1736.099976,1739,544
2022/11/22,1738.300049,1741.699951,1738.300049,1741.699951,15
2022/11/23,1744.900024,1750.900024,1736.5,1736.5,39
2022/11/25,1753.300049,1757.900024,1749.199951,1753,216
2022/11/28,1740.099976,1741.300049,1740.099976,1741.300049,132767
2022/11/29,1748.400024,1758.199951,1737.900024,1739.5,19416
2022/11/30,1746,1769.400024,1745.099976,1748.099976,3339
2022/12/01,1801.099976,1803.699951,1768.699951,1768.699951,1053
2022/12/02,1795.900024,1802.300049,1779.400024,1802,1725
2022/12/05,1767.400024,1808,1764.300049,1795.699951,1713
2022/12/06,1769.300049,1779.400024,1767.900024,1768.599976,105
2022/12/07,1785.5,1790.300049,1769.300049,1769.300049,422
2022/12/08,1788.699951,1790.900024,1782,1782,713
2022/12/09,1798.099976,1804.300049,1791.099976,1794.900024,125
2022/12/12,1780.5,1793.900024,1777.699951,1787.300049,85
2022/12/13,1813.900024,1819.800049,1780.5,1780.699951,205
2022/12/14,1807.5,1812.800049,1797.900024,1810.800049,1074
2022/12/15,1777.199951,1801,1774.800049,1801,421
2022/12/16,1790,1791.400024,1777.900024,1777.900024,206
2022/12/19,1787.699951,1796.300049,1785.599976,1791.599976,79
2022/12/20,1815.900024,1821.400024,1786.5,1786.5,51
2022/12/21,1815.900024,1821.400024,1814.400024,1817.400024,35
2022/12/22,1787,1818.099976,1785,1818.099976,411
2022/12/23,1795.900024,1802.800049,1794.099976,1794.300049,49
2022/12/27,1814.800049,1826.300049,1803.400024,1803.400024,69
2022/12/28,1807.900024,1807.900024,1803.099976,1803.199951,434
2022/12/29,1819.5,1819.5,1805.800049,1805.800049,277
2022/12/30,1819.699951,1822.300049,1816.800049,1817,95
2023/01/03,1839.699951,1839.699951,1836.199951,1836.199951,29
2023/01/04,1852.800049,1859.099976,1845.599976,1845.599976,25
2023/01/05,1834.800049,1855.199951,1834.800049,1855.199951,24
2023/01/06,1864.199951,1868.199951,1835.300049,1838.400024,26
2023/01/09,1872.699951,1880,1867,1867,62
2023/01/10,1871.599976,1878.099976,1871.599976,1877.800049,101
2023/01/11,1874.599976,1877.800049,1873.099976,1873.099976,1236
2023/01/12,1895.5,1897.400024,1877.199951,1877.199951,59
2023/01/13,1918.400024,1920.900024,1898.300049,1899,512
2023/01/17,1907.199951,1920.099976,1905.199951,1920.099976,706
2023/01/18,1904.400024,1911.099976,1903.099976,1911.099976,1027
2023/01/19,1922.099976,1931.800049,1922.099976,1922.099976,371
2023/01/20,1926.400024,1928.5,1921.400024,1922.099976,1346
2023/01/23,1927.099976,1927.099976,1915,1926.5,218
2023/01/24,1933.900024,1936.800049,1931.800049,1931.800049,201
2023/01/25,1941.199951,1941.199951,1939.800049,1941.199951,7
2023/01/26,1929.099976,1937.099976,1927.099976,1936.599976,131
2023/01/27,1928.599976,1928.599976,1928.599976,1928.599976,150902
2023/01/30,1922.900024,1933.599976,1920.300049,1928.300049,27220
2023/01/31,1929.5,1930.400024,1900.599976,1923,1910
2023/02/01,1927.800049,1955,1922,1927.199951,2290
2023/02/02,1916.300049,1959.099976,1911.300049,1952.300049,748
2023/02/03,1862.900024,1917,1861.5,1912.400024,992
2023/02/06,1866.199951,1880,1863.400024,1865.599976,424
2023/02/07,1871.699951,1875.699951,1868,1870,297
2023/02/08,1877.400024,1880.400024,1872.099976,1872.099976,230
2023/02/09,1866.199951,1884.599976,1859.800049,1875.300049,223
2023/02/10,1862.800049,1863.5,1852.400024,1861.599976,27
2023/02/13,1851.900024,1861,1850,1859,569
2023/02/14,1854,1862,1846.199951,1854.099976,656
2023/02/15,1834.199951,1842,1828.199951,1842,368
2023/02/16,1842,1843.699951,1827.199951,1838.599976,222
2023/02/17,1840.400024,1842.199951,1818.400024,1827.400024,35
2023/02/21,1833,1843,1833,1842.599976,862
2023/02/22,1832,1836.199951,1825.099976,1835.699951,278
2023/02/23,1818,1827.5,1818,1826.400024,291
2023/02/24,1808.800049,1808.800049,1808.800049,1808.800049,404
2023/02/27,1817,1817.5,1808.900024,1811.599976,829
2023/02/28,1828.900024,1830,1808.099976,1808.099976,618
2023/03/01,1837.699951,1841.699951,1827.099976,1827.099976,211
2023/03/02,1833.5,1836.300049,1830,1830,154
2023/03/03,1847.699951,1855.400024,1837.300049,1837.300049,61
2023/03/06,1847.900024,1853.800049,1844.199951,1853.300049,5
2023/03/07,1813.900024,1840.900024,1813.900024,1840.900024,450
2023/03/08,1812.699951,1812.900024,1811.5,1811.599976,75
2023/03/09,1829.300049,1829.300049,1815.599976,1816.400024,332
2023/03/10,1862,1868.5,1852,1852.300049,248
2023/03/13,1911.699951,1913.099976,1875.099976,1890.800049,503
2023/03/14,1906.199951,1912.199951,1901.099976,1912.199951,107
2023/03/15,1926.599976,1926.599976,1898.5,1903.900024,564
2023/03/16,1919,1931.699951,1909.900024,1909.900024,394
2023/03/17,1969.800049,1985.099976,1946,1946,82
2023/03/20,1979.199951,2003.900024,1968.900024,1988.300049,389
2023/03/21,1938,1973.800049,1938,1973.800049,47
2023/03/22,1946.800049,1974,1946.800049,1946.800049,50
2023/03/23,1993.800049,1994.599976,1990.5,1990.5,33
2023/03/24,1982.099976,1995.400024,1982.099976,1991.699951,19
2023/03/27,1952.400024,1957.199951,1952.400024,1957.199951,877
2023/03/28,1972.400024,1972.400024,1972.400024,1972.400024,21
2023/03/29,1966.099976,1966.099976,1966.099976,1966.099976,88563
2023/03/30,1980.300049,1984.400024,1954.900024,1965.900024,10119
2023/03/31,1969,1986.800049,1968,1981.300049,957
2023/04/03,1983.900024,1991.699951,1950,1968.099976,737
2023/04/04,2022.199951,2027.099976,1979,1984.599976,811
2023/04/05,2020.900024,2033.800049,2013.599976,2022.099976,525
2023/04/06,2011.900024,2023.300049,2005,2022.199951,0
2023/04/10,1989.099976,2006.599976,1984,2000,652
2023/04/11,2004.800049,2006.5,1991.400024,1991.400024,68
2023/04/12,2010.900024,2025.699951,2005.199951,2005.199951,172
2023/04/13,2041.300049,2048.600098,2015.599976,2015.599976,1043
2023/04/14,2002.199951,2047.800049,1995,2041,718
2023/04/17,1994.199951,2007.599976,1983.199951,2002.699951,554
2023/04/18,2007.400024,2007.400024,1996.900024,1996.900024,72
2023/04/19,1995.199951,2006.400024,1969.800049,2005.699951,61
2023/04/20,2007.599976,2007.599976,1998,1998,164
2023/04/21,1979.5,1996.199951,1974.099976,1996.199951,132
2023/04/24,1989.099976,1989.800049,1977.400024,1981.300049,145
2023/04/25,1994,1999.099976,1982.300049,1995.699951,306
2023/04/26,1985.699951,1998.800049,1985.599976,1997.800049,615
2023/04/27,1989.900024,2002.300049,1979.900024,1990.599976,355
2023/04/28,1990.099976,1990.099976,1977.699951,1986.900024,152
2023/05/01,1983.400024,2005,1976.900024,1980.099976,210
2023/05/02,2014.300049,2018,1994.699951,1994.699951,1896
2023/05/03,2028.599976,2035.099976,2015.199951,2017.099976,1349
2023/05/04,2048,2072,2040,2045,930
2023/05/05,2017.400024,2046.400024,2004.300049,2046.400024,59
2023/05/08,2026.300049,2026.300049,2022.5,2022.5,3
2023/05/09,2036.199951,2037.300049,2025.900024,2026.599976,241
2023/05/10,2030.5,2044.300049,2029.5,2032.300049,248
2023/05/11,2014.699951,2038.300049,2014,2034.099976,90
2023/05/12,2014.5,2014.5,2014.5,2014.5,115
2023/05/15,2018,2018,2013.800049,2013.800049,3
2023/05/16,1988.400024,1988.400024,1988.400024,1988.400024,49
2023/05/17,1980.699951,1983.599976,1980.699951,1983.599976,13
2023/05/18,1956.5,1956.800049,1956.5,1956.5,23
2023/05/19,1978.699951,1978.699951,1960,1960,106
2023/05/22,1974.800049,1980.5,1974.800049,1980.5,8
2023/05/23,1972.400024,1972.400024,1972.400024,1972.400024,1
2023/05/24,1962.800049,1975.400024,1962.800049,1975.400024,189
2023/05/25,1943.099976,1943.099976,1943.099976,1943.099976,1
2023/05/26,1944.099976,1948.400024,1944.099976,1948.199951,166036
2023/05/30,1958,1962.599976,1931,1942.699951,37838
2023/05/31,1963.900024,1973,1953,1958.199951,5959
2023/06/01,1978,1983,1954.300049,1963.199951,750
2023/06/02,1952.400024,1982.5,1947.400024,1977.099976,356
2023/06/05,1958,1961.900024,1937.800049,1947.5,713
2023/06/06,1965.5,1965.5,1958.800049,1960.800049,164
2023/06/07,1942.699951,1968.400024,1940.699951,1959,139
2023/06/08,1963.599976,1969,1943.099976,1943.199951,433
2023/06/09,1962.199951,1969.800049,1960.300049,1965.099976,49
2023/06/12,1955.300049,1963.5,1951.400024,1959.699951,212
2023/06/13,1944.599976,1967.5,1940.300049,1960.599976,343
2023/06/14,1955.300049,1958.199951,1940.300049,1946.199951,202
2023/06/15,1957.800049,1958.800049,1926,1941.699951,329
2023/06/16,1958.400024,1962.900024,1953.5,1961.400024,119
2023/06/20,1935.5,1958.599976,1931.300049,1958.599976,193
2023/06/21,1933.300049,1936.800049,1920,1935.599976,557
2023/06/22,1912.699951,1921,1912.099976,1920,237
2023/06/23,1919.099976,1932.5,1918.699951,1918.699951,105
2023/06/26,1923.699951,1928.5,1922.5,1922.900024,71
2023/06/27,1914,1929.400024,1914,1927,49
2023/06/28,1912.300049,1912.300049,1912.300049,1912.300049,628
2023/06/29,1909.199951,1909.900024,1892.5,1909.900024,289
2023/06/30,1921.099976,1921.099976,1900.599976,1908.599976,445
2023/07/03,1921.699951,1929.5,1917.900024,1917.900024,41
2023/07/05,1919.599976,1933.900024,1914.699951,1923.5,193
2023/07/06,1908.699951,1910.199951,1903.199951,1909.300049,81
2023/07/07,1926.199951,1934.099976,1913.400024,1913.400024,61
2023/07/10,1925,1926.099976,1912.300049,1923.599976,269
2023/07/11,1931.300049,1937,1924.199951,1925,142
2023/07/12,1956.199951,1958,1932.199951,1932.300049,132
2023/07/13,1959.199951,1961.099976,1953,1961.099976,121
2023/07/14,1960.099976,1960.599976,1952.699951,1958.400024,94
2023/07/17,1952.400024,1956.5,1946.599976,1954,29
2023/07/18,1977.199951,1978.400024,1963.400024,1968.800049,83
2023/07/19,1977.5,1977.5,1973,1977,35
2023/07/20,1968.300049,1973.699951,1965.599976,1973.699951,638
2023/07/21,1964.300049,1964.300049,1961.800049,1961.800049,50
2023/07/24,1960.300049,1965.5,1960.300049,1965.300049,2
2023/07/25,1962.099976,1962.5,1953,1953,19
2023/07/26,1968.900024,1972,1966.199951,1966.199951,51
2023/07/27,1945.400024,1945.400024,1945.400024,1945.400024,194253
2023/07/28,1960.400024,1962.199951,1944.199951,1945.5,23155
2023/07/31,1970.5,1971.599976,1950,1959.199951,1025
2023/08/01,1940.699951,1965.400024,1940.699951,1964.900024,688
2023/08/02,1937.400024,1953.599976,1933.199951,1948.400024,652
2023/08/03,1932,1936.5,1928,1934.199951,773
2023/08/04,1939.599976,1945,1920,1934.900024,290
2023/08/07,1933.5,1941,1929.800049,1941,376
2023/08/08,1924.099976,1933.199951,1923,1931.699951,555
2023/08/09,1915.400024,1928.800049,1913.699951,1925.400024,451
2023/08/10,1914.400024,1927.800049,1911.400024,1921.099976,178
2023/08/11,1912.900024,1916.599976,1911.800049,1913,57
2023/08/14,1910.599976,1912.599976,1903.300049,1909.300049,46
2023/08/15,1902.5,1907.699951,1895,1906,73
2023/08/16,1896.099976,1904.5,1890.300049,1904.5,22
2023/08/17,1884.099976,1902.400024,1884,1893.699951,245
2023/08/18,1886.099976,1891.800049,1886.099976,1891.800049,19
2023/08/21,1893.300049,1893.599976,1893.300049,1893.599976,876
2023/08/22,1896.400024,1896.800049,1892.800049,1894.599976,46
2023/08/23,1918.5,1918.5,1909.599976,1909.599976,547
2023/08/24,1918.199951,1920.800049,1918.199951,1920,337
2023/08/25,1911.099976,1919.800049,1911.099976,1919.800049,195
2023/08/28,1917.900024,1921.5,1915.5,1915.5,99
2023/08/29,1936.5,1936.5,1916.900024,1917.900024,1674
2023/08/30,1944.300049,1946.400024,1934.599976,1936,396
2023/08/31,1938.199951,1944.400024,1938.199951,1944.400024,491
2023/09/01,1939.800049,1950,1936.599976,1950,167
2023/09/05,1926.199951,1934.400024,1924.699951,1934.400024,113
2023/09/06,1918.099976,1925.300049,1916.300049,1924.099976,24
2023/09/07,1917.5,1921.5,1917.5,1917.599976,41
2023/09/08,1918.400024,1924.699951,1918.400024,1924,105
2023/09/11,1923.300049,1928.300049,1921.800049,1923,50
2023/09/12,1911.300049,1920.800049,1911.300049,1920.800049,365
2023/09/13,1909.099976,1914.599976,1908.900024,1910.300049,15
2023/09/14,1910,1910,1903,1903,169
2023/09/15,1923.699951,1927.300049,1923.5,1923.5,8
2023/09/18,1931.5,1931.5,1926.400024,1928.199951,19
2023/09/19,1932,1934,1932,1934,6
2023/09/20,1945.599976,1945.599976,1929.199951,1945.599976,119
2023/09/21,1919.199951,1924,1919.199951,1924,9
2023/09/22,1925.400024,1925.400024,1925.400024,1925.400024,1
2023/09/25,1916.599976,1916.599976,1916.599976,1916.599976,114
2023/09/26,1900.400024,1905.099976,1900.400024,1905,161
2023/09/27,1871.599976,1871.599976,1871.599976,1871.599976,12251
2023/09/28,1860.400024,1878.199951,1856.699951,1875.5,4654
2023/09/29,1848.099976,1872.300049,1846,1864.300049,1605
2023/10/02,1830,1845.900024,1826.699951,1844.099976,2309
2023/10/03,1824.599976,1830.900024,1816.800049,1825,310
2023/10/04,1818.5,1828.199951,1816.400024,1821.800049,357
2023/10/05,1816.599976,1826.300049,1815.599976,1826.300049,393
2023/10/06,1830.199951,1831.800049,1809.400024,1819,390
2023/10/09,1849.5,1861.5,1842.5,1842.5,232
2023/10/10,1861,1861.400024,1852.800049,1857,236
2023/10/11,1872.800049,1874.599976,1869.099976,1869.5,65
2023/10/12,1869.300049,1881.199951,1867,1874.699951,46
2023/10/13,1927.400024,1930.099976,1877.5,1877.5,43
2023/10/16,1921.099976,1921.099976,1910.300049,1910.400024,53
2023/10/17,1922.699951,1925.800049,1914.300049,1914.300049,103
2023/10/18,1955.300049,1957.900024,1935,1935,67
2023/10/19,1968.400024,1977.699951,1945.699951,1950.099976,1945
2023/10/20,1982.5,1988.599976,1980.400024,1981.099976,557
2023/10/23,1976.300049,1978.900024,1972.900024,1976.199951,127
2023/10/24,1975,1975,1970.300049,1970.300049,10
2023/10/25,1984.099976,1985.300049,1971.199951,1971.199951,97
2023/10/26,1987.199951,1988.199951,1980.400024,1988.199951,521
2023/10/27,1988.599976,1988.599976,1988.599976,1988.599976,372
2023/10/30,1996.199951,2004.099976,1992.5,2004.099976,157
2023/10/31,1985.199951,2001,1983.699951,1996.5,84
2023/11/01,1978.800049,1990.5,1977.800049,1990.5,41
2023/11/02,1985.599976,1990.300049,1979.5,1989.099976,39
2023/11/03,1991.5,1991.5,1989,1989,12
2023/11/06,1981.599976,1981.599976,1977.400024,1981.599976,130
2023/11/07,1966.800049,1966.800049,1960.699951,1966.5,20
2023/11/08,1951.5,1967.800049,1947.699951,1967.800049,43
2023/11/09,1964.199951,1964.199951,1945.300049,1951.699951,10
2023/11/10,1932.599976,1959.599976,1932.599976,1959.599976,375
2023/11/13,1945.5,1947.199951,1934,1939.900024,191
2023/11/14,1961.800049,1965.800049,1961.800049,1965.800049,2
2023/11/15,1960.099976,1962.800049,1960,1962.800049,6
2023/11/16,1983.900024,1983.900024,1964.599976,1965.300049,39
2023/11/17,1981.599976,1984,1979.800049,1982.5,32
2023/11/20,1977.699951,1979.400024,1969.699951,1978.699951,182
2023/11/21,1999.300049,2005.5,1988.5,1990.699951,16
2023/11/22,1991.400024,1999.400024,1991,1999.099976,6075
2023/11/24,2002.199951,2002.199951,1991.5,1991.900024,63
2023/11/27,2011.800049,2011.800049,2011.699951,2011.699951,228
2023/11/28,2039.699951,2042.699951,2039.699951,2040.599976,174665
2023/11/29,2047.099976,2052.100098,2036,2041.699951,15290
2023/11/30,2038.099976,2047.099976,2033.099976,2046.099976,2506
2023/12/01,2071,2073.199951,2036,2038.300049,614
2023/12/04,2024.099976,2130.199951,2021,2075.300049,1071
2023/12/05,2018.5,2037,2010.199951,2035.099976,289
2023/12/06,2030.5,2035.800049,2019,2019.900024,417
2023/12/07,2029.900024,2034.900024,2024,2029.199951,67
2023/12/08,1998.300049,2033.099976,1995,2031.699951,449
2023/12/11,1978,2004.199951,1977.199951,2004.099976,651
2023/12/12,1977.800049,1994.199951,1977.800049,1984.199951,95
2023/12/13,1982.300049,2024.800049,1975,1978.5,2252
2023/12/14,2030.199951,2040.099976,2024.300049,2024.699951,236
2023/12/15,2021.099976,2043.400024,2018.300049,2032.599976,261
2023/12/18,2026.300049,2032.800049,2024,2024.300049,100
2023/12/19,2038.400024,2042.699951,2025.199951,2025.199951,498
2023/12/20,2034.5,2037.099976,2030.300049,2037.099976,258
2023/12/21,2039.099976,2044.5,2033,2035.800049,228
2023/12/22,2057.100098,2068.699951,2052.199951,2055.699951,202
2023/12/26,2058.199951,2060.800049,2054.199951,2060,64
2023/12/27,2081.899902,2081.899902,2064.800049,2067.300049,586
2023/12/28,2073.899902,2087.300049,2066.5,2081.600098,338
2023/12/29,2062.399902,2068.899902,2062.100098,2068,47
2024/01/02,2064.399902,2073.699951,2057.100098,2063.5,61
2024/01/03,2034.199951,2044,2034.199951,2034.199951,54
2024/01/04,2042.300049,2044.5,2038,2041.599976,88
2024/01/05,2042.400024,2048.100098,2042.400024,2044.5,12
2024/01/08,2026.599976,2033.699951,2019.099976,2019.099976,10
2024/01/09,2026.400024,2035.800049,2026.400024,2035.800049,27
2024/01/10,2021.699951,2035.599976,2021.699951,2029,538
2024/01/11,2014.300049,2025.099976,2014.300049,2025.099976,97
2024/01/12,2046.699951,2057,2031.099976,2031.099976,390
2024/01/16,2026,2054.800049,2026,2051.699951,46
2024/01/17,2002.599976,2026.5,2002.599976,2026.5,764
2024/01/18,2018.599976,2018.599976,2009.5,2012.800049,1474
2024/01/19,2026.5,2036,2019.5,2023.199951,50
2024/01/22,2019.800049,2021.300049,2019.800049,2021.300049,12
2024/01/23,2023.699951,2030.300049,2022.5,2030.300049,15
2024/01/24,2013.900024,2033.199951,2013.900024,2023.199951,253
2024/01/25,2016.900024,2022.400024,2012.099976,2012.099976,548
2024/01/26,2016.800049,2022.400024,2016.800049,2021.699951,49
2024/01/29,2025.199951,2025.199951,2025.199951,2025.199951,150708
2024/01/30,2031.5,2048.5,2028.099976,2032.5,26907
2024/01/31,2048.399902,2055,2030,2035.400024,2007
2024/02/01,2053,2064.5,2029,2040.199951,947
2024/02/02,2036.099976,2055.899902,2027.699951,2054.800049,888
2024/02/05,2025.699951,2040.800049,2013.800049,2038.900024,412
2024/02/06,2034.5,2037.300049,2025.900024,2025.900024,249
2024/02/07,2035.199951,2039.5,2032.699951,2032.800049,71
2024/02/08,2032.199951,2036.699951,2020.300049,2028,341
2024/02/09,2023.300049,2032,2020,2032,62
2024/02/12,2018.199951,2025.5,2011.599976,2025.5,317
2024/02/13,1992.900024,2025.800049,1990,2025.099976,198
2024/02/14,1990.300049,1993.5,1984.800049,1990.300049,1916
2024/02/15,2002.099976,2007.199951,1993.599976,1993.599976,286
2024/02/16,2011.5,2011.5,1996.5,2005,32
2024/02/20,2027.5,2029,2015.599976,2015.599976,1326
2024/02/21,2022.300049,2028.199951,2022.300049,2028.199951,15
2024/02/22,2019.699951,2033.199951,2019.699951,2033.199951,964
2024/02/23,2038.599976,2038.599976,2014.900024,2026,22
2024/02/26,2028.5,2035.400024,2024.800049,2034.099976,143
2024/02/27,2034,2035.900024,2034,2035.900024,964
2024/02/28,2033,2037,2024.800049,2029.5,581
2024/02/29,2045.699951,2049.800049,2034.300049,2034.300049,706
2024/03/01,2086.899902,2086.899902,2041.800049,2043.099976,1210
2024/03/04,2117.699951,2119.800049,2080.699951,2083.600098,805
2024/03/05,2133.5,2133.5,2111.399902,2114.899902,1287
2024/03/06,2150.300049,2150.300049,2125.5,2125.5,443
2024/03/07,2158,2163,2147,2147,152
2024/03/08,2178.600098,2194.899902,2166.300049,2167.300049,259
2024/03/11,2182.5,2184,2177.199951,2181,738
2024/03/12,2160.399902,2182.699951,2160.399902,2182.5,550
2024/03/13,2175.399902,2175.399902,2162.5,2162.5,20
2024/03/14,2163,2163,2162.300049,2163,515
2024/03/15,2157.300049,2161.699951,2157.300049,2161.699951,100
2024/03/18,2160.699951,2160.699951,2146.199951,2146.199951,21
2024/03/19,2156.300049,2156.300049,2156.100098,2156.100098,12
2024/03/20,2157.899902,2185.899902,2150.899902,2157.300049,17
2024/03/21,2182.399902,2211.600098,2182.399902,2207,63
2024/03/22,2158.100098,2179.600098,2157.5,2179.199951,19
2024/03/25,2174.800049,2179.399902,2166.199951,2166.199951,79
2024/03/26,2175.600098,2182.699951,2175.600098,2182.699951,202373
2024/03/27,2190.600098,2196.199951,2172.100098,2179.399902,31200
2024/03/28,2217.399902,2234.100098,2187.100098,2193.600098,2040
2024/04/01,2236.5,2264.199951,2230,2235.699951,400
2024/04/02,2261,2279.199951,2247.600098,2252,435
2024/04/03,2294.399902,2298.800049,2267.899902,2281.699951,285
2024/04/04,2288.800049,2302.899902,2280,2301.699951,251
2024/04/05,2325.699951,2328.399902,2267.399902,2289.199951,344
2024/04/08,2331.699951,2341.800049,2319,2325.600098,202
2024/04/09,2343.5,2364.699951,2337.800049,2337.800049,211
2024/04/10,2329.600098,2358.100098,2327.699951,2346.600098,377
2024/04/11,2354.800049,2376.300049,2330.600098,2341.5,283
2024/04/12,2356.199951,2429,2334.300049,2377.300049,584
2024/04/15,2365.800049,2384.699951,2326,2362.100098,1801
2024/04/16,2390.800049,2390.800049,2371.399902,2384,41
2024/04/17,2371.699951,2391.399902,2369.300049,2384.199951,37
2024/04/18,2382.300049,2384.399902,2368.399902,2368.399902,128
2024/04/19,2398.399902,2399.800049,2377.300049,2379.300049,160
2024/04/22,2332.199951,2383.300049,2326.899902,2383.300049,53
2024/04/23,2327.699951,2330.800049,2294.199951,2327.699951,171
2024/04/24,2324.5,2328.699951,2314.600098,2321.300049,95
2024/04/25,2329.800049,2329.800049,2305,2315,1024
2024/04/26,2334.800049,2347.899902,2332.800049,2347.899902,717
2024/04/29,2345.399902,2345.5,2327.899902,2334.800049,405
2024/04/30,2291.399902,2322.5,2291.399902,2322.5,113
2024/05/01,2299.899902,2327.300049,2283.800049,2287.699951,42
2024/05/02,2299.199951,2324.699951,2292.300049,2321.699951,56
2024/05/03,2299,2301,2277.600098,2300,194
2024/05/06,2321.600098,2325.5,2314.199951,2322.800049,9
2024/05/07,2315.199951,2324.300049,2315.199951,2324.300049,25
2024/05/08,2313.600098,2313.600098,2313.600098,2313.600098,4
2024/05/09,2332.100098,2339.5,2310.699951,2310.699951,5
2024/05/10,2367.300049,2367.300049,2367.300049,2367.300049,126
2024/05/13,2336.100098,2358.300049,2336.100098,2358.300049,14
2024/05/14,2353.399902,2358,2336,2336,6
2024/05/15,2388.699951,2388.699951,2356,2361.600098,29
2024/05/16,2380,2392.199951,2380,2389.5,7
2024/05/17,2412.199951,2415.800049,2380.699951,2380.699951,213
2024/05/20,2433.899902,2435.800049,2409.699951,2415.800049,40
2024/05/21,2421.699951,2429.5,2421,2429.5,6
2024/05/22,2389.199951,2417.600098,2375.800049,2417.5,180
2024/05/23,2335,2371.199951,2335,2371.199951,365
2024/05/24,2332.5,2345.399902,2332.5,2342.600098,25
2024/05/28,2355.199951,2359.699951,2336.899902,2336.899902,26
2024/05/29,2340.300049,2340.300049,2340.300049,2340.300049,119317
2024/05/30,2342.899902,2349.5,2320.800049,2336.899902,32587
2024/05/31,2322.899902,2354,2319,2344.100098,941
2024/06/03,2346.600098,2347.5,2312,2322.600098,781
2024/06/04,2325.5,2347.699951,2313.899902,2347.5,890
2024/06/05,2354.100098,2354.300049,2326.199951,2326.399902,295
2024/06/06,2370.300049,2375.800049,2355,2355,179
2024/06/07,2305.199951,2385.100098,2285.399902,2379.899902,269
2024/06/10,2307.699951,2309.300049,2290.5,2290.600098,69
2024/06/11,2307.5,2314.100098,2300,2300,871
2024/06/12,2336,2338.699951,2310.300049,2314.899902,132
2024/06/13,2300.199951,2317.699951,2296.199951,2309.399902,298
2024/06/14,2331.399902,2331.399902,2305.800049,2307,948
2024/06/17,2312.399902,2320.199951,2309.600098,2320.199951,110
2024/06/18,2330.399902,2330.399902,2311.800049,2311.800049,43
2024/06/20,2353.800049,2354,2328.300049,2328.899902,183
2024/06/21,2316.399902,2331.199951,2316.399902,2331.199951,76
2024/06/24,2330,2332.899902,2322.699951,2323.300049,99
2024/06/25,2316.600098,2333,2316.600098,2324.399902,105
2024/06/26,2299.199951,2314.399902,2298,2307.899902,986
2024/06/27,2324.5,2329,2295,2296.800049,1532
2024/06/28,2327.699951,2338.300049,2319,2325.399902,92
2024/07/01,2327.600098,2329.699951,2321.699951,2323.800049,237
2024/07/02,2323,2334.600098,2323,2330.699951,30
2024/07/03,2359.800049,2361.600098,2330.899902,2330.899902,59
2024/07/05,2388.5,2388.5,2354.899902,2354.899902,72
2024/07/08,2355.199951,2383.800049,2352.800049,2381.699951,64
2024/07/09,2360.100098,2363.699951,2360.100098,2363.100098,9
2024/07/10,2372.199951,2377,2365.800049,2366.300049,19
2024/07/11,2415,2416.699951,2378.699951,2378.699951,72
2024/07/12,2414,2414,2391.300049,2399.800049,355
2024/07/15,2422.899902,2436,2422.899902,2430,540
2024/07/16,2462.399902,2462.399902,2427.399902,2427.399902,93
2024/07/17,2454.800049,2473.100098,2454.800049,2472.899902,10
2024/07/18,2451.800049,2466,2451.800049,2466,2
2024/07/19,2395.5,2419.199951,2395.5,2418.800049,15
2024/07/22,2392,2402.100098,2392,2402.100098,18
2024/07/23,2404.600098,2404.600098,2388.699951,2395.800049,41
2024/07/24,2413.300049,2421,2411.600098,2421,6
2024/07/25,2351.899902,2365.5,2351.899902,2365.5,31
2024/07/26,2380,2386.899902,2368.699951,2368.699951,95
2024/07/29,2377.300049,2377.300049,2377.300049,2377.300049,126409
2024/07/30,2405,2409.300049,2373.800049,2380.899902,25944
2024/07/31,2426.5,2447.600098,2402.800049,2407.100098,1313
2024/08/01,2435,2455.100098,2430.399902,2446.699951,690
2024/08/02,2425.699951,2477,2416,2444,550
2024/08/05,2401.699951,2449.800049,2367.399902,2442,334
2024/08/06,2389.100098,2421.800049,2380,2414.5,163
2024/08/07,2390.5,2401,2384.5,2392.199951,130
2024/08/08,2422.199951,2422.800049,2384.300049,2384.300049,201
2024/08/09,2432.100098,2432.100098,2418.5,2422.300049,611
2024/08/12,2462.399902,2469.800049,2432,2432.699951,566
2024/08/13,2466.699951,2470,2456.5,2461,510
2024/08/14,2439.399902,2472.100098,2439.399902,2468,274
2024/08/15,2453.100098,2467.699951,2431.199951,2451.800049,285
2024/08/16,2498.600098,2508,2451.399902,2453.5,197
2024/08/19,2501.800049,2508.5,2487.199951,2508.5,88
2024/08/20,2511.300049,2527.300049,2500.699951,2503.5,187
2024/08/21,2508.399902,2515.399902,2503.899902,2511,96
2024/08/22,2478.899902,2504.100098,2471.100098,2504.100098,210
2024/08/23,2508.399902,2508.399902,2486.5,2486.5,94
2024/08/26,2517.699951,2523.100098,2509.100098,2509.899902,290
2024/08/27,2516,2523.100098,2506.899902,2515.199951,100
2024/08/28,2501,2501,2501,2501,2353
2024/08/29,2525.699951,2525.699951,2503.899902,2504.100098,3966
2024/08/30,2493.800049,2525.399902,2493.800049,2519.5,208
2024/09/03,2489.899902,2501.800049,2476.300049,2501.600098,206
2024/09/04,2493.399902,2493.399902,2483.5,2490.899902,470
2024/09/05,2511.399902,2513.300049,2493.399902,2493.699951,54
2024/09/06,2493.5,2517.899902,2483.699951,2510.300049,96
2024/09/09,2501.800049,2504.699951,2491.300049,2491.300049,96
2024/09/10,2512.300049,2512.300049,2512.300049,2512.300049,5
2024/09/11,2512.100098,2525.800049,2502.300049,2525.800049,90
2024/09/12,2551.199951,2557,2523.399902,2529.100098,132
2024/09/13,2581.300049,2581.800049,2565,2568.800049,31
2024/09/16,2580.399902,2580.399902,2580.399902,2580.399902,28
2024/09/17,2564.300049,2581.800049,2564.300049,2581.199951,22
2024/09/18,2570.699951,2570.699951,2549.199951,2570.699951,25
2024/09/19,2588,2588,2566,2566,99
2024/09/20,2619.899902,2621.800049,2590.399902,2590.399902,17
2024/09/23,2626.5,2626.5,2626.5,2626.5,9
2024/09/24,2651.199951,2662.300049,2625.5,2636.800049,35
2024/09/25,2659.199951,2664.199951,2649.300049,2656.300049,175
2024/09/26,2669.899902,2669.899902,2660.800049,2662.300049,17216
2024/09/27,2644.300049,2672.100098,2641.699951,2670,4228
2024/09/30,2636.100098,2662.100098,2623.199951,2660.899902,973
2024/10/01,2667.300049,2670.899902,2631.399902,2631.399902,153
2024/10/02,2647.100098,2657.199951,2640,2650.600098,72
2024/10/03,2657.100098,2657.100098,2640,2642.800049,354
2024/10/04,2645.800049,2667,2639,2656,114
2024/10/07,2644.800049,2657.399902,2639,2648.699951,284
2024/10/08,2615,2639,2609.300049,2639,687
2024/10/09,2606,2607.699951,2603,2603,152
2024/10/10,2620.600098,2628.300049,2602.5,2602.5,320
2024/10/11,2657.600098,2658.100098,2638.199951,2638.300049,12
2024/10/14,2647.800049,2655.300049,2647.800049,2655,40
2024/10/15,2661.399902,2661.399902,2661.399902,2661.399902,39
2024/10/16,2674,2674,2674,2674,6
2024/10/17,2691,2691.699951,2677.199951,2677.399902,30
2024/10/18,2713.699951,2719.600098,2713.699951,2713.699951,29
2024/10/21,2723.100098,2738.399902,2719.5,2721.899902,52
2024/10/22,2744.199951,2746,2728.600098,2731.699951,93
2024/10/23,2714.399902,2742.5,2714.199951,2742.5,18
2024/10/24,2734.899902,2736.100098,2729,2729,27
2024/10/25,2740.899902,2742.399902,2725.5,2725.5,29
2024/10/28,2742.899902,2742.899902,2729.5,2736.100098,56
2024/10/29,2768.399902,2768.399902,2768.399902,2768.399902,848
2024/10/30,2788.5,2789,2774.600098,2774.600098,231
2024/10/31,2738.300049,2787.5,2733.5,2787.399902,849
2024/11/01,2738.600098,2756,2734.199951,2745.5,109
2024/11/04,2736.100098,2737.100098,2736.100098,2736.5,16
2024/11/05,2740.300049,2743.899902,2740.300049,2743,23
2024/11/06,2667.600098,2734.5,2659.399902,2734.5,427
2024/11/07,2698.399902,2699.100098,2662.5,2662.5,676
2024/11/08,2687.5,2694.600098,2682.899902,2688.5,1038
2024/11/11,2611.199951,2671.699951,2611.199951,2671.699951,20
2024/11/12,2600,2605.5,2592.800049,2605.5,118
2024/11/13,2580.800049,2611.800049,2580.800049,2611.100098,53
2024/11/14,2568.199951,2576.199951,2554.199951,2555.100098,27
2024/11/15,2565.699951,2565.699951,2565.699951,2565.699951,20
2024/11/18,2610.600098,2610.699951,2589.399902,2591.699951,136
2024/11/19,2627.100098,2627.699951,2619.300049,2621.899902,87
2024/11/20,2648.199951,2648.199951,2638.5,2638.5,27
2024/11/21,2672.100098,2672.100098,2655.699951,2659.300049,33
2024/11/22,2709.899902,2710.5,2685.600098,2687.5,41
2024/11/25,2616.800049,2689.399902,2616.800049,2689.399902,94
2024/11/26,2620.300049,2625.600098,2620.300049,2625.600098,177858
2024/11/27,2639.899902,2657.899902,2627.199951,2633.5,61653
2024/11/29,2657,2664.300049,2620.699951,2636.399902,3861
2024/12/02,2634.899902,2649.800049,2621.699951,2649,695
2024/12/03,2644.699951,2654.699951,2636,2639,1062
2024/12/04,2653.800049,2658.300049,2637,2639.199951,249
2024/12/05,2626.600098,2655,2625.699951,2652.399902,573
2024/12/06,2638.600098,2643.100098,2617.5,2620.199951,571
2024/12/09,2664.899902,2677.100098,2630.800049,2632.100098,935
2024/12/10,2697.600098,2698.199951,2661,2662.300049,437
2024/12/11,2733.800049,2733.800049,2693.100098,2701.800049,3387
2024/12/12,2687.5,2725.100098,2677.399902,2725.100098,2365
2024/12/13,2656,2689.300049,2647.899902,2688.199951,1125
2024/12/16,2651.399902,2663.300049,2651,2658.300049,877
2024/12/17,2644.399902,2652.300049,2632.5,2651.800049,705
2024/12/18,2636.5,2647.100098,2590.199951,2644.300049,566
2024/12/19,2592.199951,2610.300049,2582.100098,2582.100098,238
2024/12/20,2628.699951,2631.600098,2604.899902,2605.300049,592
2024/12/23,2612.300049,2627.699951,2611.100098,2620,451
2024/12/24,2620,2620,2609.5,2613,35
2024/12/26,2638.800049,2638.800049,2627.899902,2628.5,84
2024/12/27,2617.199951,2617.699951,2616.399902,2617.699951,642
2024/12/30,2606.100098,2626.899902,2597,2620.699951,794
2024/12/31,2629.199951,2629.199951,2604.899902,2608.399902,401
2025/01/02,2658.899902,2663.100098,2633,2633,1728
2025/01/03,2645,2658.699951,2641.800049,2658.699951,591
2025/01/06,2638.399902,2647,2617.300049,2645.5,960
2025/01/07,2656.699951,2657.5,2653,2653.399902,643
2025/01/08,2664.5,2676.899902,2653.5,2655.5,999
2025/01/09,2683.800049,2686.300049,2667.899902,2669.699951,1139
2025/01/10,2708.5,2720.100098,2683.699951,2686.100098,403
2025/01/13,2673.5,2711.199951,2673.5,2711.100098,765
2025/01/14,2677.5,2688.300049,2670.800049,2673.600098,794
2025/01/15,2712.5,2712.5,2690.800049,2690.800049,930
2025/01/16,2746.399902,2749.800049,2731.699951,2731.699951,1721
2025/01/17,2744.300049,2751.600098,2725.5,2736,1214
2025/01/21,2755,2755,2724.800049,2746,1439
2025/01/22,2767.600098,2768.800049,2753.5,2754.5,2079
2025/01/23,2763.100098,2765,2745.399902,2760,2201
2025/01/24,2777.300049,2792,2759.800049,2759.800049,1593
2025/01/27,2737.5,2762.199951,2737.5,2761.100098,984
2025/01/28,2766.800049,2766.800049,2738,2738,2307
2025/01/29,2769.100098,2769.100098,2769.100098,2769.100098,125692
2025/01/30,2823,2829.5,2770,2772.5,40141
2025/01/31,2812.5,2838,2804,2829,3443
2025/02/03,2833.899902,2848.399902,2780.899902,2818.199951,2649
2025/02/04,2853.300049,2853.300049,2816.100098,2827.600098,2187
2025/02/05,2871.600098,2880.5,2848,2850,4519
2025/02/06,2856,2871.699951,2836.300049,2865.199951,3116
2025/02/07,2867.300049,2889.5,2857.800049,2859.899902,1822
2025/02/10,2914.300049,2916.100098,2863.800049,2864.199951,2237
2025/02/11,2912.5,2945.399902,2890,2925.5,2554
2025/02/12,2909,2912.300049,2868.600098,2902,2504
2025/02/13,2925.899902,2937.699951,2910.600098,2911.300049,4670
2025/02/14,2883.600098,2944.399902,2874.800049,2937.300049,1992
2025/02/18,2931.600098,2936.399902,2873.800049,2879.199951,4010
2025/02/19,2919.399902,2946,2917.100098,2938.699951,2630
2025/02/20,2940,2955.800049,2924.199951,2949.100098,656
2025/02/21,2937.600098,2940,2917.300049,2938.800049,570
2025/02/24,2947.899902,2957.899902,2933.100098,2933.100098,415
2025/02/25,2904.5,2943.199951,2890,2938.699951,1854
2025/02/26,2916.800049,2917,2913,2913.5,2050
2025/02/27,2883.199951,2922.800049,2870.399902,2918.5,3215
2025/02/28,2836.800049,2877.100098,2834.100098,2877.100098,990
2025/03/03,2890.199951,2891.800049,2863.399902,2872.699951,423
2025/03/04,2909.600098,2927.899902,2886.100098,2886.100098,885
2025/03/05,2915.300049,2922,2893,2916.699951,551
2025/03/06,2916.600098,2918.600098,2903.800049,2904,870
2025/03/07,2904.699951,2927.300049,2900.5,2900.899902,531
2025/03/10,2891,2915.100098,2880.199951,2910.100098,55
2025/03/11,2912.899902,2916.699951,2880.399902,2884.399902,197
2025/03/12,2939.100098,2939.100098,2910,2912,213
2025/03/13,2984.300049,2988,2935.199951,2937.100098,2366
2025/03/14,2994.5,3004.800049,2986,2994.399902,1800
2025/03/17,3000,3001.5,2989,2991,214
2025/03/18,3035.100098,3039.199951,3004.399902,3006.399902,428
2025/03/19,3035.899902,3050.899902,3030.899902,3035.199951,175
2025/03/20,3040,3047.300049,3034.399902,3047.300049,185
2025/03/21,3018.199951,3037.5,3000.899902,3034.5,151
2025/03/24,3013.100098,3024.300049,3006,3024.300049,137
2025/03/25,3023.699951,3028.800049,3023.699951,3026.399902,74
2025/03/26,3020.899902,3033.199951,3019.5,3033.199951,83
2025/03/27,3060.199951,3065,3025.5,3025.5,124359
2025/03/28,3086.5,3094.899902,3066.800049,3069.699951,31206
2025/03/31,3122.800049,3132.5,3086,3091,3438
2025/04/01,3118.899902,3149.5,3104,3129.699951,1721
2025/04/02,3139.899902,3168.600098,3117.399902,3120.699951,5946
2025/04/03,3097,3166.899902,3052,3150,5516
2025/04/04,3012,3127.699951,3011,3110.5,3247
2025/04/07,2951.300049,3050.800049,2949.699951,3016.399902,4424
2025/04/08,2968.399902,3014.5,2968.399902,2994,3213
2025/04/09,3056.5,3090.399902,2965.800049,2965.800049,2175
2025/04/10,3155.199951,3167,3072.100098,3073.899902,3456
2025/04/11,3222.199951,3235,3182.100098,3182.100098,862
2025/04/14,3204.800049,3228.800049,3194.5,3215.5,263
2025/04/15,3218.699951,3218.699951,3214,3216,390
2025/04/16,3326.600098,3334.899902,3238.300049,3238.300049,1874
2025/04/17,3308.699951,3345,3287.800049,3345,824
2025/04/21,3406.199951,3418.5,3342.199951,3342.199951,78
2025/04/22,3400.800049,3485.600098,3361.699951,3422.199951,785
2025/04/23,3276.300049,3370.300049,3256.199951,3321.199951,331
2025/04/24,3332,3353.899902,3304.899902,3305.399902,560
2025/04/25,3282.399902,3355.5,3266.100098,3355.5,162
2025/04/28,3332.5,3332.5,3284.5,3284.5,1300
2025/04/29,3318.800049,3340,3299.899902,3340,1278
2025/04/30,3305,3318.699951,3268,3318.699951,207
2025/05/01,3210,3275,3198.600098,3272.899902,2131
2025/05/02,3231.899902,3257,3225,3239.899902,1349
2025/05/05,3311.300049,3315.699951,3239.699951,3242.699951,244
2025/05/06,3411.399902,3430.899902,3356.800049,3365.5,2357
2025/05/07,3381.399902,3418.699951,3364.699951,3418.699951,1080
2025/05/08,3296.600098,3390,3288.699951,3390,200
2025/05/09,3335.399902,3335.5,3299,3299,216
2025/05/12,3220,3300.699951,3205,3300.699951,886
2025/05/13,3240.300049,3251.399902,3223.5,3232,2424
2025/05/14,3181.399902,3233,3171.699951,3233,3518
2025/05/15,3220.699951,3228.100098,3125,3151,652
2025/05/16,3182,3228.100098,3173.899902,3227.699951,199
2025/05/19,3228.899902,3241,3228.300049,3234.399902,266
2025/05/20,3280.300049,3293.199951,3207.5,3219,356
2025/05/21,3309.300049,3317.5,3290.199951,3293.399902,979
2025/05/22,3292.300049,3328,3282.699951,3327.300049,1210
2025/05/23,3363.600098,3363.600098,3323.5,3328,47
2025/05/27,3299.100098,3341,3296.300049,3332.5,189
2025/05/28,3293.600098,3293.600098,3293.600098,3293.600098,127758
2025/05/29,3317.100098,3328.800049,3242.399902,3283.699951,24370
2025/05/30,3288.899902,3318,3270.899902,3315.100098,2213
2025/06/02,3370.600098,3380.800049,3296.899902,3296.899902,976
2025/06/03,3350.199951,3390,3331.300049,3385.100098,6410
2025/06/04,3373.5,3380,3344,3355,207
2025/06/05,3350.699951,3400,3343.699951,3371.5,731
2025/06/06,3322.699951,3364.300049,3306,3364.300049,81
2025/06/09,3332.100098,3334.600098,3290,3315.600098,1887
2025/06/10,3320.899902,3344.300049,3302,3302,65
2025/06/11,3321.300049,3356,3321.300049,3328,2106
2025/06/12,3380.899902,3395.899902,3353.399902,3363,1818
2025/06/13,3431.199951,3444,3407.300049,3407.300049,499
2025/06/16,3396.399902,3442,3385.399902,3442,480
2025/06/17,3386.600098,3398.300049,3376.100098,3398.300049,1477
2025/06/18,3389.800049,3391.899902,3365.100098,3385.300049,0
2025/06/20,3368.100098,3372.899902,3341,3350,709
2025/06/23,3377.699951,3387.899902,3350,3365.899902,30
2025/06/24,3317.399902,3358,3301,3358,538
2025/06/25,3327.100098,3331.199951,3310.600098,3321.600098,373
2025/06/26,3333.5,3333.5,3332.399902,3332.399902,2058
2025/06/27,3273.699951,3318.699951,3253.800049,3318.699951,284
2025/06/30,3294.399902,3306.899902,3262,3265.899902,1242
2025/07/01,3336.699951,3354.100098,3310.100098,3310.100098,371
2025/07/02,3348,3357.5,3329,3329,39
2025/07/03,3331.600098,3362,3322.300049,3362,0
2025/07/04,3332.5,3342,3332.5,3342,0
2025/07/07,3332.199951,3333.300049,3299.199951,3305.5,254
2025/07/08,3307,3334.5,3287.600098,3330.399902,909
2025/07/09,3311.600098,3314,3282,3289.399902,114
2025/07/10,3317.399902,3330.5,3311.600098,3323.600098,209
2025/07/11,3356,3370,3330.5,3330.5,776
2025/07/14,3351.5,3375.5,3350,3367,583
2025/07/15,3329.800049,3341,3329.800049,3341,210
2025/07/16,3352.5,3352.899902,3329.5,3341.199951,10
2025/07/17,3340.100098,3340.800049,3313.800049,3313.800049,667
2025/07/18,3353,3353,3338.199951,3338.199951,602
2025/07/21,3401.899902,3411.699951,3350.300049,3350.300049,53
2025/07/22,3439.199951,3441,3395.600098,3411,39
2025/07/23,3394.100098,3433.899902,3388.100098,3430.300049,63
2025/07/24,3371,3371,3367,3367,1175
2025/07/25,3334,3345,3326.5,3344,67
,,,,,
,,,,,